{
    "105": [
        "10504: Toro Ng\u01b0u h\u1ea3i v\u01b0\u01a1ng"
    ],
    "106": [
        "10607: Krixi H\u1ed3 thi\u00ean nga",
        "10603: Krixi Ti\u1ec7c b\u00e3i bi\u1ec3n",
        "10606: Krixi Ti\u1ec3u y\u00eau n\u1eef",
        "10617: Krixi Qu\u00e1n qu\u00e2n",
        "10613: Krixi N\u00e0ng ti\u00ean n\u1ed5i lo\u1ea1n"
    ],
    "107": [
        "10705: Zephys Si\u00eau vi\u1ec7t",
        "10709: Zephys Inosuke Hashibira",
        "10703: Zephys Hi\u1ec7p s\u0129 b\u00ed ng\u00f4",
        "10704: Zephys Dung nham",
        "10708: Zephys H\u1eafc v\u00f4 th\u01b0\u1eddng"
    ],
    "108": [
        "10807: Gildur Ph\u00f9 th\u1ee7y Ba T\u01b0",
        "10801: Gildur Ti\u1ec7c b\u00e3i bi\u1ec3n"
    ],
    "109": [
        "10912: Veera A.I love you",
        "10914: Veera Ph\u00f9 th\u1ee7y H\u1ed9i h\u1ecda"
    ],
    "110": [
        "11004: Kahlii Kim c\u00f4 gi\u00e1o ch\u1ee7"
    ],
    "111": [
        "11116: Violet DJ C\u00e2u h\u1ed3n",
        "11101: Violet N\u1eef ho\u00e0ng ph\u00e1o hoa"
    ],
    "112": [
        "11206: Yorn Nam th\u1ea7n gi\u00e1ng sinh",
        "11214: Yorn K\u00fd gi\u1ea3 di\u1ec7u k\u1ef3"
    ],
    "115": [
        "11503: Jinna H\u1ecfa nh\u00e3n ma v\u01b0\u01a1ng"
    ],
    "116": [
        "11616: Butterfly N\u1eef th\u1ea7n Kh\u1edfi nguy\u00ean",
        "11613: Butterfly G\u00e1nh anh \u0111\u1ebfn c\u00f9ng",
        "11606: Butterfly \u0110\u00f4ng \u00eam \u0111\u1ec1m",
        "11608: Butterfly C\u1ea9m y v\u1ec7: Chu t\u01b0\u1edbc",
        "11605: Butterfly Qu\u1eadn ch\u00faa \u0111\u1ebf ch\u1ebf",
        "11604: Butterfly N\u1eef qu\u00e1i n\u1ed5i lo\u1ea1n"
    ],
    "117": [
        "11703: Ormarr Th\u00f4ng th\u1ecfa th\u00edch"
    ],
    "118": [
        "11809: Alice Ti\u1ec3u ti\u00ean t\u1eed",
        "11817: Alice \u1ed0c qu\u1ebf tinh ngh\u1ecbch",
        "11806: Alice Ti\u1ec3u qu\u1ef7 b\u00ed ng\u00f4",
        "11816: Alice X\u1ee9 s\u1edf di\u1ec7u k\u1ef3",
        "11803: Alice B\u00e9 g\u1ea5u tuy\u1ebft",
        "11807: Alice B\u00e9 du xu\u00e2n"
    ],
    "119": [
        "11907: Mganga \u0110\u00e8n Th\u1ea7n H\u1eadu \u0110\u1eadu",
        "11903: Mganga Ph\u00e1p s\u01b0 m\u00e8o"
    ],
    "120": [
        "12007: Mina N\u1eef th\u1ea7n Ai C\u1eadp",
        "12005: Mina L\u01b0\u1ee1i h\u00e1i ho\u00e0ng kim",
        "12011: Mina X\u00edch Huy\u1ebft Di\u1ec5m Qu\u1ef7",
        "12004: Mina K\u1eb9o hay gh\u1eb9o"
    ],
    "121": [
        "12103: Marja H\u1ecfa ng\u1ecdc n\u1eef v\u01b0\u01a1ng"
    ],
    "123": [
        "12304: Maloch \u0110\u1ea1i t\u01b0\u1edbng R\u00f4 b\u1ed1t",
        "12305: Maloch \u00d4ng k\u1eb9 b\u00ed ng\u00f4"
    ],
    "124": [
        "12403: Ignis B\u1eafc b\u0103ng v\u01b0\u01a1ng"
    ],
    "126": [
        "12603: Arduin T\u00e0 linh hi\u1ec7p s\u1ef9"
    ],
    "127": [
        "12706: Azzen'Ka Gi\u00e1ng sinh \"An l\u00e0nh\"",
        "12704: Azzen'Ka Qu\u1ef7 di\u1ec7n l\u00e3ng kh\u00e1ch"
    ],
    "128": [
        "12809: L\u1eef B\u1ed1 Th\u1ea7n ng\u1ecdc",
        "12804: L\u1eef B\u1ed1 K\u1ef5 s\u0129 \u00e2m ph\u1ee7",
        "12801: L\u1eef B\u1ed1 Ti\u1ec7c b\u00e3i bi\u1ec3n",
        "12805: L\u1eef B\u1ed1 \u0110\u1eb7c nhi\u1ec7m SWAT"
    ],
    "130": [
        "13013: Airi Th\u00e1nh n\u1eef Xi\u00eam La",
        "13009: Airi M\u1ef5 h\u1ed3",
        "13008: Airi Ti\u1ec7c b\u00e3i bi\u1ec3n",
        "13005: Airi Kiemono",
        "13018: Airi B\u00fap b\u00ea M\u1ed9ng m\u1ecb"
    ],
    "131": [
        "13108: Murad Si\u00eau vi\u1ec7t 2.0",
        "13115: Murad Huy\u1ebft h\u1ecfa cu\u1ed3ng \u0111\u1ed3",
        "13104: Murad Si\u00eau vi\u1ec7t",
        "13117: Murad Chi\u1ebfn binh \u0111\u1ed3 ch\u01a1i"
    ],
    "132": [
        "13206: Hayate Kim \u01b0ng s\u00e1t th\u1ee7",
        "13203: Hayate Ng\u00e2n lang",
        "13211: Hayate M\u00e3nh h\u1ed5 kim cang",
        "13202: Hayate Chi\u1ebfn binh tr\u0103ng khuy\u1ebft"
    ],
    "133": [
        "13310: Valhein Th\u1ea7n t\u00e0i",
        "13307: Valhein Khi\u00eau chi\u1ebfn",
        "13313: Valhein \u0110\u1ec7 nh\u1ea5t th\u1ea7n th\u00e1m",
        "13309: Valhein Ho\u00e0ng t\u1eed B\u0103ng",
        "13308: Valhein C\u00e1 m\u1eadp \"nghi\u00eam t\u00fac\""
    ],
    "134": [
        "13404: Skud T\u00e0 linh ma t\u01b0\u1edbng"
    ],
    "135": [
        "13504: Thane M\u1eadt v\u1ee5"
    ],
    "136": [
        "13611: Ilumia Th\u1ee5y M\u1ed9c li\u00ean hoa",
        "13612: Ilumia N\u1ed9 h\u1ea3i Thi\u00ean ng\u01b0",
        "13603: Ilumia H\u1ed3ng hoa h\u1eadu",
        "13608: Ilumia Qu\u00fd c\u00f4 nh\u00e0 h\u00e1t",
        "13604: Ilumia Thi\u00ean n\u1eef \u00c1o d\u00e0i"
    ],
    "137": [
        "13704: Paine \u00d4 Th\u01b0\u1edbc \u0111\u1ea1i hi\u1ec7p",
        "13703: Paine C\u00f4ng t\u01b0\u1edbc m\u00e1u"
    ],
    "139": [
        "13903: Kil'Groth Ch\u00fa l\u00ednh ch\u00ec"
    ],
    "141": [
        "14103: Lauriel Ph\u00f9 th\u1ee7y b\u00ed ng\u00f4",
        "14105: Lauriel Hoa kh\u00f4i gi\u00e1ng sinh",
        "14107: Lauriel Tinh v\u00e2n s\u1ee9",
        "14104: Lauriel Th\u00e1nh quang s\u1ee9",
        "14108: Lauriel Ti\u1ec7c b\u00e3i bi\u1ec3n",
        "14106: Lauriel L\u1ea1c th\u1ea7n"
    ],
    "142": [
        "14202: Natalya Ngh\u1ec7 nh\u00e2n l\u00e2n",
        "14212: Natalya Bi\u1ec7t \u0111\u1ed9i b\u0103ng lam",
        "14209: Natalya Ngh\u1ec7 s\u0129 ma m\u1ecb",
        "14207: Natalya B\u0103ng t\u00e2m th\u1ea7n n\u1eef"
    ],
    "144": [
        "14404: Taara Ti\u1ec7c b\u00e3i bi\u1ec3n",
        "14403: Taara H\u1ecfa ng\u1ecdc n\u1eef \u0111\u1ebf"
    ],
    "146": [
        "14604: Zill Di\u1ec7t nguy\u1ec7t t\u1eed s\u0129",
        "14603: Zill C\u1ef1u th\u1ea7n thi\u00ean h\u00e0",
        "14602: Zill Dung nham",
        "14606: Zill Phong th\u1ea7n Tu La"
    ],
    "149": [
        "14905: Xeniel T\u1ed5ng l\u00e3nh tinh h\u1ec7",
        "14904: Xeniel Ma s\u1ee9 t\u1eadn th\u1ebf"
    ],
    "150": [
        "15012",
        "15004: Nakroth Si\u00eau vi\u1ec7t",
        "15007",
        "15015",
        "15009"
    ],
    "152": [
        "15211: \u0110i\u00eau Thuy\u1ec1n Th\u1ea5t T\u1ecbch ti\u00ean t\u1eed",
        "15209: \u0110i\u00eau Thuy\u1ec1n M\u00e8o c\u00f4ng ngh\u1ec7",
        "15206: \u0110i\u00eau Thuy\u1ec1n Ph\u00f9 th\u1ee7y b\u00ed ng\u00f4",
        "15208: \u0110i\u00eau Thuy\u1ec1n T\u00e0 linh ph\u00e1p tr\u01b0\u1ee3ng"
    ],
    "153": [
        "15304: Kaine Chi\u1ebfn binh kim quang"
    ],
    "154": [
        "15410: Yena V\u0169 \u0111i\u1ec7u Gi\u00e1ng Sinh",
        "15413: Yena Tr\u1ea5n Y\u00eau Th\u1ea7n L\u1ed9c",
        "15406: Yena D\u1ea1 nguy\u1ec7t th\u00e1nh n\u1eef",
        "15407: Yena Gi\u1ea3ng vi\u00ean t\u00ecnh \u00e1i",
        "15402: Yena Th\u1ecf may m\u1eafn",
        "15403: Yena Chi\u1ebfn binh nguy\u1ec7t t\u1ed9c"
    ],
    "156": [
        "15610: Aleister M\u1eadt v\u1ee5 th\u1ea7n th\u00e1m",
        "15604: Aleister Si\u00eau sao b\u00f3ng r\u1ed5"
    ],
    "157": [
        "15710: Raz B\u00e3o v\u0169 Cu\u1ed3ng l\u00f4i",
        "15704: Raz Chi\u1ebfn th\u1ea7n Muay Th\u00e1i"
    ],
    "159": [
        "15901: Dolia Hoa ti\u00eau \u0111\u1ea1i d\u01b0\u01a1ng"
    ],
    "162": [
        "16203: Kriknak ST.L-162"
    ],
    "163": [
        "16304: Ryoma Samurai huy\u1ec1n tho\u1ea1i",
        "16302: Ryoma \u0110\u1ea1i t\u01b0\u1edbng nguy\u1ec7t t\u1ed9c",
        "16311: Ryoma Maple Frost",
        "16303: Ryoma Thanh long bang ch\u1ee7",
        "16309: Ryoma Khi\u00eau chi\u1ebfn",
        "16308: Ryoma \u0110\u1eb7c nhi\u1ec7m Gi\u00e1ng sinh"
    ],
    "166": [
        "16603: Arthur Si t\u00ecnh ki\u1ebfm",
        "16606: Arthur Hi\u1ec7p s\u0129 tr\u0103ng khuy\u1ebft",
        "16611: Arthur Bi\u1ec7t \u0111\u1ed9i b\u0103ng lam",
        "16605: Arthur \u0110\u1eb7c c\u1ea3nh b\u0103ng l\u00f4i",
        "16601: Arthur Ho\u00e0ng kim c\u1ed1t"
    ],
    "167": [
        "16708: Ng\u1ed9 Kh\u00f4ng T\u1ec1 Thi\u00ean ma h\u1ea7u",
        "16703: Ng\u1ed9 Kh\u00f4ng Si\u00eau vi\u1ec7t"
    ],
    "170": [
        "17002: Moren L\u00ednh c\u1ee9u h\u1ecfa"
    ],
    "173": [
        "17308: Fennik Phi h\u1ed3 \u1ea9n s\u0129",
        "17305: Fennik Phi h\u00e0nh gia",
        "17309: Fennik Phong tranh th\u00e1m xu\u00e2n",
        "17304: Fennik Tu\u1ea7n l\u1ed9c l\u00e1u l\u1ec9nh"
    ],
    "174": [
        "17405: Stuart \u0110\u1ea1o t\u1eb7c t\u1eed quang"
    ],
    "175": [
        "17503: Grakk Ch\u00e0ng g\u1ea5u tuy\u1ebft",
        "17518: Grakk Th\u1ee7 v\u1ec7 D\u1ea1 \u01afng",
        "17505: Grakk M\u00e8o \"Th\u1ea7n t\u00e0i\"",
        "17507: Grakk Ti\u1ec7c b\u00e3i bi\u1ec3n",
        "17504: Grakk \u0110i v\u00e0o l\u00f2ng \u0111\u1ea5t",
        "17512: Grakk C\u1eadn v\u1ec7 Mafia"
    ],
    "177": [
        "17704: Lindis N\u1eef v\u01b0\u01a1ng ph\u00e1o hoa",
        "17708: Lindis \u0110\u1eb7c v\u1ee5 th\u1ea7n th\u00e1m"
    ],
    "184": [
        "18404: Helen Hotgirl Tr\u00e0 s\u1eefa",
        "18408: Helen B\u00e9 hoa xu\u00e2n",
        "18406: Helen X\u1ee9 s\u1edf di\u1ec7u k\u1ef3",
        "18405: Helen H\u1ed3ng li\u00ean ti\u00ean t\u1eed",
        "18407: Helen C\u1ed5 t\u00edch Bi\u1ec3n xanh"
    ],
    "186": [
        "18606: TeeMee Tanuki chi\u00eau t\u00e0i"
    ],
    "187": [
        "18703: Arum Linh t\u01b0\u1ee3ng vu n\u1eef",
        "18704: Arum V\u0169 kh\u00fac th\u1ea7n s\u1ee9",
        "18705: Arum Th\u1ecf may m\u1eafn",
        "18708: Arum Qu\u1ea3n l\u00fd t\u00e0i n\u0103ng",
        "18709: Arum Ba\u0323n mu\u00f4\u0301n he\u0323n ho\u0300?"
    ],
    "190": [
        "19010: Tulen H\u1ecfa th\u1ea7n long t\u1ed9c",
        "19011: Tulen \u0110\u1ea1i \u00fay Athanor",
        "19014: Tulen Gi\u00e1m th\u1ecb s\u1ea5m s\u00e9t",
        "19004: Tulen \u0110\u00f4ng \u00eam \u0111\u1ec1m",
        "19006: Tulen T\u00e2n th\u1ea7n ho\u00e0ng kim"
    ],
    "191": [
        "19108: Rouie Th\u1ee5y m\u1ed9c Thanh long",
        "19102: Rouie C\u00f4ng ch\u00faa h\u1ecfa long"
    ],
    "193": [
        "19305: Amily V\u00f5 th\u1ea7n thi\u00ean h\u00e0",
        "19302: Amily \u0110\u1eb7c c\u00f4ng Nh\u1ec7n \u0111\u1ecf"
    ],
    "195": [
        "19502: Enzo Chi\u1ebfn binh tr\u0103ng khuy\u1ebft",
        "19505: Enzo H\u1ed3ng h\u1ea1c th\u1ecb v\u1ec7"
    ],
    "196": [
        "19611: Elsu H\u1ecfa di\u1ec7m Chu T\u01b0\u1edbc",
        "19604: Elsu Chi\u1ebfn binh b\u00f3ng t\u1ed1i",
        "19603: Elsu Guitar t\u00ecnh \u00e1i",
        "19607: Elsu X\u1ea1 th\u1ee7 tinh linh"
    ],
    "199": [
        "19906: Elando'rr Tuxedo Mask",
        "19907: Elando'rr Uy\u00ean \u01af\u01a1ng m\u1ed9ng \u0111i\u1ec7p",
        "19904: Elando'rr Si\u00eau th\u00e1m t\u1eed",
        "19905: Elando'rr Ch\u00fa ong bay cao"
    ],
    "206": [
        "20601: Charlotte Hexsword"
    ],
    "501": [
        "50116: Tel'annas \u00d4 Th\u01b0\u1edbc ti\u00ean n\u1eef",
        "50103: Tel'Annas Chung t\u00ecnh ti\u1ec5n",
        "50105: Tel'Annas Th\u1ea7n s\u1ee9 F.E.E-X1",
        "50106: Tel'Annas C\u1ea9m y v\u1ec7: Phi \u01b0ng",
        "50117: Tel'annas Thi\u00ean V\u0169 Th\u1ea7n Long"
    ],
    "502": [
        "50202: Astrid Si\u00eau sao b\u00f3ng ch\u00e0y"
    ],
    "503": [
        "50306: Zuka Di\u1ec7t nguy\u1ec7t nguy\u00ean so\u00e1i",
        "50308: Zuka M\u00e3nh h\u1ed5"
    ],
    "505": [
        "50502: Baldum Li\u1ec7t h\u1ecfa dung nham"
    ],
    "506": [
        "50610: Omen Huy\u1ebft \u1ea3nh T\u00e0 th\u1ea7n",
        "50605: Omen Chi\u1ebfn binh tr\u0103ng khuy\u1ebft",
        "50607: Omen Nh\u1ea1c s\u0129 huy\u1ec1n tho\u1ea1i",
        "50612: Omen Chi\u1ebfn xa quang minh"
    ],
    "508": [
        "50803: Wisp \u1ebech nh\u1ed3i b\u00f4ng",
        "50805: Wisp M\u00e1y ph\u00e1t qu\u00e0"
    ],
    "509": [
        "50905: Y'bneth Titan B\u0103ng gi\u00e1"
    ],
    "510": [
        "51004: Liliana Ti\u1ec3u th\u01a1 anh \u0111\u00e0o",
        "51007: Liliana Ti\u1ec7c b\u00e3i bi\u1ec3n",
        "51013: Liliana L\u01b0u th\u1ee7y Th\u1ea7n long",
        "51014: Liliana Th\u1ea7n h\u1ed5 Xi\u00eam La"
    ],
    "512": [
        "51202: Rourke Bi\u1ec7t \u0111\u1ed9i si\u00eau h\u00f9ng",
        "51208: Rourke B\u00e1ch t\u01b0\u1edbng L\u00e3o \u0111\u1ea1i"
    ],
    "513": [
        "51306: Zata Ch\u00ed t\u00f4n T\u00e0 ph\u01b0\u1ee3ng",
        "51304: Zata Khi\u00eau chi\u1ebfn",
        "51303: Zata Th\u1ea7n m\u1eb7t tr\u1eddi",
        "51307: Zata X\u00edch Huy\u1ebft B\u00e1 T\u01b0\u1edbc",
        "51302: Zata S\u1ee9 gi\u1ea3 tinh h\u1ec7"
    ],
    "514": [
        "51402: Roxie K\u00e8n \u00e1i t\u00ecnh"
    ],
    "515": [
        "51502: Richter Th\u1ed1ng so\u00e1i kh\u00e1ng chi\u1ebfn"
    ],
    "518": [
        "51808: Quillen Ngh\u1ecbch Thi\u00ean long \u0111\u1ebf",
        "51809: Quillen Ng\u01b0\u1eddi g\u00e1c \u0111\u1ec1n",
        "51806: Quillen T\u00e0 linh ma \u0111ao",
        "51803: Quillen Th\u1ed1ng so\u00e1i \u0111\u1ebf ch\u1ebf",
        "51802: Quillen \u0110\u1eb7c c\u00f4ng m\u00e3ng x\u00e0"
    ],
    "519": [
        "51905: Annette Phi h\u00e0nh gia",
        "51903: Annette Th\u1ea7n t\u01b0\u1ee3ng \u00e2m nh\u1ea1c",
        "51904: Annette Ti\u1ec7c b\u00e3i bi\u1ec3n",
        "51908: Annette Ch\u1ecb ong bay th\u1ea5p"
    ],
    "520": [
        "52007: Veres Kimono",
        "52010: Veres Men Lam H\u1ed3n G\u1ed1m"
    ],
    "521": [
        "52102: Florentino Gi\u00e1m s\u00e1t tinh H\u1ec7",
        "52106: Florentino T\u00e0 long ki\u1ebfm s\u0129"
    ],
    "522": [
        "52202: Errol Di\u1ec7t nguy\u1ec7t ti\u00ean phong",
        "52205: Errol Huy\u1ebft th\u1ee7 Tu La"
    ],
    "523": [
        "52304: D'Arcy Ti\u1ebfn s\u0129 thi\u00ean t\u00e0i",
        "52306: D\u2019Arcy T\u00f4ng \u0111\u1ed3 Ch\u00e2n l\u00fd",
        "52303: D'Arcy Ph\u00e1p s\u01b0 h\u1ecfa long",
        "52302: D'Arcy \u0110\u00f4 \u0111\u1ed1c tinh H\u1ec7"
    ],
    "524": [
        "52402: Capheny Th\u1ea7n t\u01b0\u1ee3ng \u00e2m nh\u1ea1c",
        "52405: Capheny Si\u00eau c\u1ea5p tin t\u1eb7c",
        "52406: Capheny Phi h\u00e0nh gia",
        "52408: Capheny Qu\u00e2n nh\u1ea1c Mildar"
    ],
    "526": [
        "52605: Ishar Gi\u00e1n \u0111i\u1ec7p hacker",
        "52608: Ishar R\u1ed3ng b\u00e9 b\u1ef1"
    ],
    "527": [
        "52702: Sephera Chi\u00eam tinh gia",
        "52703: Sephera Th\u1ea7n t\u01b0\u1ee3ng \u00e2m nh\u1ea1c",
        "52709: Sephera B\u00e1ch nh\u1ea1n Ng\u00e2n linh",
        "52710: Sephera Nova Stardust",
        "52706: Sephera Lam H\u1ea3i phu nh\u00e2n"
    ],
    "528": [
        "52803: Qi Qu\u00e1n qu\u00e2n",
        "52802: Qi \u0110\u1eb7c v\u1ee5 c\u00e1o tuy\u1ebft"
    ],
    "529": [
        "52903: Volkath Xung thi\u00ean th\u1ea7n t\u01b0\u1edbng",
        "52905: Volkath Chi\u1ebfn th\u1ea7n Ai C\u1eadp"
    ],
    "530": [
        "53002: Dirak Ph\u00e1p s\u01b0 tr\u0103ng khuy\u1ebft"
    ],
    "531": [
        "53105: Keera Ti\u1ec7c b\u00e3i bi\u1ec3n",
        "53111: Keera M\u00f4n \u0111\u1ed3 X\u1ea3o quy\u1ec7t"
    ],
    "532": [
        "53204: Thorne Ti\u1ec7c b\u00e3i bi\u1ec3n",
        "53202: Thorne Gi\u1ea3 kim thu\u1eadt s\u01b0"
    ],
    "533": [
        "53306: Laville Ti\u1ec7c b\u00e3i bi\u1ec3n",
        "53302: Laville Tay s\u00fang di\u1ec7t th\u1ea7n"
    ],
    "534": [
        "53405: Dextra B\u0103ng Sa c\u00f4ng ch\u00faa",
        "53402: Dextra Qu\u1eadn ch\u00faa Tuy\u1ebft"
    ],
    "535": [
        "53504: Sinestrea \u0110i\u1ec7p vi\u00ean c\u00e1nh c\u1ee5t",
        "53503: Sinestrea WaVe"
    ],
    "536": [
        "53609: Aoi Qu\u00e1n Qu\u00e2n",
        "53608: Aoi S\u00e1t th\u1ee7 D\u1ea1 \u01afng",
        "53606: Aoi Ti\u1ec3u th\u01b0 Mafia",
        "53602: Aoi Ho\u00e0ng kim c\u00f4ng ch\u00faa",
        "53605: Aoi Lam H\u1ea3i qu\u1eadn ch\u00faa"
    ],
    "538": [
        "53805: Iggy Ti\u1ebfng th\u00e9t H\u1ed7n mang",
        "53802: Iggy Th\u1ea7n Mi\u00eau thi\u1ebfu ch\u1ee7"
    ],
    "539": [
        "53903: Lorion Qu\u00e2n v\u01b0\u01a1ng b\u00f3ng t\u1ed1i",
        "53902: Lorion H\u1ecfa v\u00e2n t\u00e0 th\u1ea7n"
    ],
    "540": [
        "54003: Bright Khi\u00eau chi\u1ebfn",
        "54007: Bright Vua v\u1ec1 nh\u00ec"
    ],
    "541": [
        "54102: Bonnie C\u00f4 b\u00e9 s\u1ee3 ma"
    ],
    "542": [
        "54202: Tachi \u0110ao kh\u00e1ch v\u00f4 t\u00ecnh",
        "54203: Tachi X\u00edch long h\u1ecfa di\u1ec7m"
    ],
    "543": [
        "54303: Aya MC S\u00f3c nh\u1ecf",
        "54308: Aya H\u1ecfa H\u1ed3 Ti\u00ean Ng\u01b0"
    ],
    "544": [
        "54405: Yan B\u00edch H\u1ea1c Phi\u00ean V\u00e2n",
        "54403: Yan C\u00f4ng t\u01b0\u1edbc Norman"
    ],
    "545": [
        "54503: Yue Chi\u00eam tinh gia",
        "54505: Yue N\u1eef ho\u00e0ng B\u0103ng gi\u00e1"
    ],
    "546": [
        "54605: Teeri \u1ed0c qu\u1ebf ng\u1ecdt ng\u00e0o",
        "54603: Teeri Thuy\u1ec1n tr\u01b0\u1edfng song lu\u00e2n"
    ],
    "548": [
        "54802",
        "54804"
    ]
}